title,company,location,description,salary_min,salary_max,redirect_url
Software Engineer-Artificial Intelligence (Artificial Intelligence),The Boeing Company,"Kinloch, Saint Louis County","Job Description At Boeing, we innovate and collaborate to make the world a better place. We're committed to fostering an environment for every teammate that's welcoming, respectful and inclusive, with great opportunity for professional growth. Find your future with us. The Boeing Company is seeking a Software Engineer - Artificial Intelligence to join the Air Proprietary 2 (AP2) team located in Berkeley, MO . This position will focus on supporting the Boeing Defense, Space & Security (BDS) busi…",118634.95,118634.95,https://www.adzuna.com/land/ad/5609499782?se=2nbSzFwL8RGyd9OpgCILHA&utm_medium=api&utm_source=31b863f3&v=2A9D919EC701D904F7E9E18A9810301BC489628A
Artificial Intelligence Strategist,Cognizant,"International, King County","Artificial Intelligence Strategist Location: US About the Role The AI Strategist plays a pivotal role in shaping Cognizant's AI portfolio by designing high impact AI use cases, building compelling value propositions, and enabling early-stage client engagement. Sitting at the intersection of business design, AI capability, and industry needs, this role transforms opportunity spaces into structured, scalable, commercially strong AI offerings that drive growth for the AI Market Unit. Impact AI use…",164538.45,164538.45,https://www.adzuna.com/land/ad/5618584282?se=2nbSzFwL8RGyd9OpgCILHA&utm_medium=api&utm_source=31b863f3&v=860CE5089C3BA4CF32E41F822BF72ABE1A3BB10E
Artificial Intelligence Leader,"Sensata Technologies, Inc.","Attleboro, Bristol County","The Artificial Intelligence Leader at Sensata will lead our enterprise-wide AI strategy and initiatives, driving innovation and transformation across all business functions-including engineering, manufacturing, supply chain, commercial, and corporate operations-within a global manufacturing and technology organization. This role is responsible for shaping and executing AI strategies that deliver scalable solutions and measurable impact, leveraging industrial and enterprise data to unlock new ef…",114973.64,114973.64,https://www.adzuna.com/land/ad/5502425839?se=2nbSzFwL8RGyd9OpgCILHA&utm_medium=api&utm_source=31b863f3&v=E1D803B4AB6EAFDC5B38ECBC12083E5C61E775E8
Artificial Intelligence Engineer,Allegion,"Carmel, Hamilton County","Creating Peace of Mind by Pioneering Safety and Security _At Allegion, we help keep the people you know and love safe and secure where they live, work and visit. With more than 30 brands, 12,000 employees globally and products sold in 130 countries, we specialize in security around the doorway and beyond. Additionally, in 2024 we were awarded the Gallup Exceptional Workplace Award, which recognizes the most engaged workplace cultures in the world._ We are seeking an Applied AI Engineer with str…",109078.59,109078.59,https://www.adzuna.com/land/ad/5612610378?se=2nbSzFwL8RGyd9OpgCILHA&utm_medium=api&utm_source=31b863f3&v=7F57A4FAF7BDE211739B6DA63DD2279F10A26295
Artificial Intelligence Engineer with Security Clearance,Shield Consulting Solutions,"Annapolis, Anne Arundel County","Active TS/SCI w/Polygraph REQUIRED Please do not apply if you do not currently possess this level of clearance.  Telework: Up to 2 days per week Job Description: * The AI Engineer will work closely with system and software engineers to design, prototype, and integrate AI advancements into the existing RAD architecture. * This is a transformative position focused on building solutions that augment human intelligence, streamline workflows, and enhance the overall effectiveness of intelligence ope…",189153.53,189153.53,https://www.adzuna.com/land/ad/5626634209?se=2nbSzFwL8RGyd9OpgCILHA&utm_medium=api&utm_source=31b863f3&v=D68FFC8320134665892A9D21F2EDD4623B4CE4A7
Research Intern - Artificial Intelligence,Microsoft Corporation,"Redmond, King County","Overview Research Internships at Microsoft provide a dynamic environment for research careers with a network of world-class research labs led by globally-recognized scientists and engineers, who pursue innovation in a range of scientific and technical disciplines to help solve complex challenges in diverse fields, including computing, computer science, mathematics, economics, physics, healthcare, and the environment. Microsoft Research Asia - Vancouver lab (https://www.microsoft.com/en-us/resea…",74324.37,74324.37,https://www.adzuna.com/land/ad/5505984989?se=2nbSzFwL8RGyd9OpgCILHA&utm_medium=api&utm_source=31b863f3&v=69755B1CE044CCF81D8E1A3C7A3C285B4AF80913
"Director, Artificial Intelligence - Hybrid","XPO, Inc.","Boston, Suffolk County","Director, Artificial Intelligence - Hybrid Requisition Id: 377755 Business Unit: Corporate Location: Boston, MA, US, 02111 What you'll need to succeed as a Director, Artificial Intelligence at XPO: Minimum Qualifications:  Bachelor's degree or equivalent related work or military experience  7 years of data science, operations research and/or software engineering experience in Artificial Intelligence and Machine Learning with a proven track record of building and deploying AI models.  5 years of…",125650.98,125650.98,https://www.adzuna.com/land/ad/5618319025?se=2nbSzFwL8RGyd9OpgCILHA&utm_medium=api&utm_source=31b863f3&v=DA64B9CEE11925A6FD4625D547AAE852910A6CAA
"Director, Data & Artificial Intelligence","Equity Bancshares, Inc.","Andover, Butler County","Jump start your career at Equity Bank! We are currently hiring energetic, team oriented, and community focused individuals to join our team! With a team of best-in-class customer service experts, youll help to build and expand on client relationships, deliver the banking products and services that meet the unique and individual needs of clients, and create and uphold an atmosphere of superior experience and service. At Equity Bank we’ll help you invest in your community through volunteer opport…",129598.78,129598.78,https://www.adzuna.com/land/ad/5629612051?se=2nbSzFwL8RGyd9OpgCILHA&utm_medium=api&utm_source=31b863f3&v=8AC02F6167CF8C41EBA09A58C7467D6FBF4B12E9
Artificial Intelligence Engineering Manager,Bank of America,"Charlotte, Mecklenburg County","Artificial Intelligence Engineering Manager Charlotte, North Carolina;Addison, Texas To proceed with your application, you must be at least 18 years of age. Acknowledge Refer a friend To proceed with your application, you must be at least 18 years of age. Acknowledge (https://ghr.wd1.myworkdayjobs.com/Lateral-US/job/Charlotte/Artificial-Intelligence-Engineering-Manager\_25047779) Job Description: At Bank of America, we are guided by a common purpose to help make financial lives better through t…",121498.23,121498.23,https://www.adzuna.com/land/ad/5535409547?se=2nbSzFwL8RGyd9OpgCILHA&utm_medium=api&utm_source=31b863f3&v=8C2DEA4DC430993449F7C7B2149A37750C06D8A5
Artificial Intelligence Lead (Engineer),Cushman & Wakefield,"Westwood, Saint Louis County","Job Title Artificial Intelligence Lead (Engineer) Job Description Summary The AI Strategic Engineering Specialist is a visionary technologist responsible for architecting, engineering, and operationalizing next generation AI systems that transform how C&W supports Global Occupier clients. This role sits at the intersection of advanced AI/ML engineering, real estate domain strategy, data platform architecture, and product innovation, owning the full lifecycle of intelligent automation and decisi…",171350.9,171350.9,https://www.adzuna.com/land/ad/5619907775?se=2nbSzFwL8RGyd9OpgCILHA&utm_medium=api&utm_source=31b863f3&v=769D47F0478A6EB6899EA32F09AE611E369D9303
Project Manager - Artificial Intelligence,CBRE,"Cloverdale, Shelby County","About The Role: CBRE is seeking an experienced and results-driven Project Manager to join CBRE's Business Transformation Office (BTO). This role belongs to the Project Management Office (PMO) and Change Management Team, one of the core Capabilities Teams, working alongside Business Process Transformation and AI Implementation. A CBRE Project Manager will lead strategic transformation initiatives, including AI-driven projects, and collaborate closely with senior stakeholders and cross-functional…",256891.84,256891.84,https://www.adzuna.com/land/ad/5528225522?se=2nbSzFwL8RGyd9OpgCILHA&utm_medium=api&utm_source=31b863f3&v=E49F2B1203BABDCE94758266FA261496D75FFDA6
Artificial Intelligence Graduate- US,AVEVA,"Lake Forest, Orange County","AVEVA is a global leader in industrial software. Our cutting-edge solutions are used by thousands of enterprises to deliver the essentials of life - such as energy, infrastructure, chemicals and minerals - safely, efficiently and more sustainably. We're the first software business in the world to have our sustainability targets validated by the SBTi, and we've been recognized for the transparency and ambition of our commitment to diversity, equity, and inclusion. We've also recently been named …",159047.67,159047.67,https://www.adzuna.com/land/ad/5401626670?se=2nbSzFwL8RGyd9OpgCILHA&utm_medium=api&utm_source=31b863f3&v=49AA129359B1ED507A5FD450512583903DF2F976
Data Scientist - Artificial Intelligence,IBM,"Grand Central, Manhattan","Introduction We are seeking a highly skilled Data Scientist to join our team in the AI industry. This role involves leveraging advanced analytics, machine learning, and statistical modeling to extract insights from large datasets and develop innovative AI-driven solutions. The ideal candidate will combine strong technical expertise with a passion for solving complex problems and driving data-informed decision-making. Your role and responsibilities * Design, develop, and implement machine learni…",130100.56,130100.56,https://www.adzuna.com/land/ad/5561765432?se=2nbSzFwL8RGyd9OpgCILHA&utm_medium=api&utm_source=31b863f3&v=1B5CE89C26C5B1394558D81C709EC0E46EFF9952
Artificial Intelligence (AI) Engineer,Robert Half,"Westport, Fairfield County","Description We are looking for a talented Systems Integration & AI Automation Specialist to join our team in Westport, Connecticut. In this role, you will design, implement, and optimize advanced AI solutions and system integrations to drive operational efficiency and enhance business processes. You will collaborate with cross-functional teams to identify opportunities for automation and AI enablement, ensuring scalable and impactful results. Responsibilities: - Develop and implement AI-driven …",116490.0,116490.0,https://www.adzuna.com/land/ad/5608033080?se=2nbSzFwL8RGyd9OpgCILHA&utm_medium=api&utm_source=31b863f3&v=B0EFB253A85E51FC3001A5AD2FF98C3586A305D1
Artificial Intelligence (AI) Engineer,Robert Half,"Avon, Stearns County","Description We are looking for an AI Engineer to join our team. In this role, you will contribute to the development and implementation of AI and Machine Learning solutions that optimize renewable energy projects. You will work on creating scalable models, applications, and workflows that drive data-driven decision-making across the organization while adhering to established engineering standards and practices. Responsibilities: - Develop, test, and deploy AI/ML models and applications to enhan…",88808.23,88808.23,https://www.adzuna.com/land/ad/5627025444?se=2nbSzFwL8RGyd9OpgCILHA&utm_medium=api&utm_source=31b863f3&v=C75C9206387D9536819AA34015FAA24206145865
"Research Associate Professor/Research Professor & Assistant Director, Artificial Intelligence",Prairie View A&M University,"Prairie View, Waller County","Job Description Job Description Job Title Research Associate Professor/Research Professor & Assistant Director, Artificial Intelligence Agency Prairie View A&M University Department Cooperative Agricultural Research Center Proposed Minimum Salary Commensurate Job Location Prairie View, Texas Job Type Faculty Job Description The Cooperative Agricultural Research Center (CARC) at Prairie View A&M University seeks qualified candidates for the Research Associate Professor or Professor and AI in Agr…",116518.89,116518.89,https://www.adzuna.com/land/ad/5624074138?se=2nbSzFwL8RGyd9OpgCILHA&utm_medium=api&utm_source=31b863f3&v=10BB1B469D095867A2B6D94511287C2ACEF015F8
Artificial Intelligence/Machine Learning 2 with Security Clearance,Avid Technology Professionals,"Savage, Anne Arundel County","Required: Five (5) years experience in applied machine learning in programs and contracts of similar scope, type, and complexity is required. A Master's or Ph.D. degree in advanced math, artificial intelligence, data science, computer science or deep learning from an accredited college or university. 5 additional years of machine learning experience with a relevant Bachelor's degree may be substituted for a Master's degree. Experience with standard machine language frameworks, e.g. Pytorch, Ten…",120576.29,120576.29,https://www.adzuna.com/land/ad/5600836331?se=2nbSzFwL8RGyd9OpgCILHA&utm_medium=api&utm_source=31b863f3&v=D35818D614424285093B2E03BF86999597A5228F
Artificial Intelligence/Machine 2 with Security Clearance,"Wyetech, LLC","Annapolis, Anne Arundel County","At Wyetech, you'll be at the center of an award-winning corporate culture, breaking technological barriers and solving real-world problems for our federal government customers. We are committed to hiring the best of the best, and in return, we offer a world-class, truly unique employee experience that is rare within our industry. The Artificial Intelligence/Machine Learning (AI/ML) Engineer designs, creates, tests, and productizes AI/ML algorithms to solve business challenges. The AI/ML models …",209283.84,209283.84,https://www.adzuna.com/land/ad/5596889523?se=2nbSzFwL8RGyd9OpgCILHA&utm_medium=api&utm_source=31b863f3&v=FEFB4FCCB366A84A639539331937C2634366D062
Artificial Intelligence/Machine 1 with Security Clearance,"Wyetech, LLC","Annapolis, Anne Arundel County","At Wyetech, you'll be at the center of an award-winning corporate culture, breaking technological barriers and solving real-world problems for our federal government customers. We are committed to hiring the best of the best, and in return, we offer a world-class, truly unique employee experience that is rare within our industry. We are seeking an AI/ML Level 1 Engineer, responsible for building, training, fine-tuning, and evaluating advanced language models. The ideal candidate will have hands…",231210.7,231210.7,https://www.adzuna.com/land/ad/5602796307?se=2nbSzFwL8RGyd9OpgCILHA&utm_medium=api&utm_source=31b863f3&v=896F6CCA81A70561D83D944350A05BC883EA029C
Artificial Intelligence Data Systems Intern,HP Inc.,"Boise, Ada County","SPONSORSHIP: (remove if offered to all): This opportunity is intended for conversion to a full-time role that will not offer work authorization sponsorship in the future (full-time conversion pending performance evaluation post internship and available headcount). Interested candidates must be currently eligible to work in the US AND must not require work authorization sponsorship in the future. HP, Inc. will not provide any assistance or sign documentation in support of immigration sponsorship…",58937.17,58937.17,https://www.adzuna.com/land/ad/5616510774?se=2nbSzFwL8RGyd9OpgCILHA&utm_medium=api&utm_source=31b863f3&v=8352ABCE0DFA0184142304F8D11CE84F86021963
"Associate Software Engineer, Artificial Intelligence",The Boeing Company,"Redstone Arsenal, Madison County","Job Description At Boeing, we innovate and collaborate to make the world a better place. We're committed to fostering an environment for every teammate that's welcoming, respectful and inclusive, with great opportunity for professional growth. Find your future with us. The Boeing Applications & Innovations Artificial Intelligence software team is currently looking for an Associate Software Engineer to join their Artificial Intelligence (AI) team in Huntsville, A laba ma . As part of the Boeing …",102678.31,102678.31,https://www.adzuna.com/land/ad/5626943350?se=2nbSzFwL8RGyd9OpgCILHA&utm_medium=api&utm_source=31b863f3&v=A077CE2EE9C3269065D130FA9ACE9204C2793FA7
Artificial Intelligence/Machine Learning Engineer,Lockheed Martin,"Colorado Springs, El Paso County","Description: WHAT WE'RE DOING We are creating Artificial Intelligence/Machine Learning \(AI/ML\) algorithms to significantly improve our defensive capabilities for advanced, maneuvering missile threats\. These algorithms are the foundation of microservices that are being integrated into large command and control \(C2\) programs of record\. Artificial Intelligence/Machine Learning Engineer THE WORK The Lockheed Martin REALM AI team is looking for an AI/ML engineer who is passionate about cutting…",139861.34,139861.34,https://www.adzuna.com/land/ad/5587148664?se=2nbSzFwL8RGyd9OpgCILHA&utm_medium=api&utm_source=31b863f3&v=E165460E3AEB63A9F6FB4F09B2625E9DB914B16B
Artificial Intelligence Senior Security Engineer,Bank of America,"Glendale, Denver","Artificial Intelligence Senior Security Engineer Chicago, Illinois;Washington, District of Columbia; Boston, Massachusetts; Denver, Colorado To proceed with your application, you must be at least 18 years of age. Acknowledge Refer a friend To proceed with your application, you must be at least 18 years of age. Acknowledge (https://ghr.wd1.myworkdayjobs.com/Lateral-US/job/Chicago/Artificial-Intelligence-Senior-Security-Engineer\_25044533) Job Description: At Bank of America, we are guided by a c…",161875.86,161875.86,https://www.adzuna.com/land/ad/5494443511?se=2nbSzFwL8RGyd9OpgCILHA&utm_medium=api&utm_source=31b863f3&v=848FC75107D2B07E443278F83BEB39A15DCDE6BE
Artificial Intelligence Senior Security Engineer,Bank of America,"Boston, Suffolk County","Artificial Intelligence Senior Security Engineer Chicago, Illinois;Washington, District of Columbia; Boston, Massachusetts; Denver, Colorado To proceed with your application, you must be at least 18 years of age. Acknowledge Refer a friend To proceed with your application, you must be at least 18 years of age. Acknowledge (https://ghr.wd1.myworkdayjobs.com/Lateral-US/job/Chicago/Artificial-Intelligence-Senior-Security-Engineer\_25044533) Job Description: At Bank of America, we are guided by a c…",129617.32,129617.32,https://www.adzuna.com/land/ad/5497930101?se=2nbSzFwL8RGyd9OpgCILHA&utm_medium=api&utm_source=31b863f3&v=310E6B20EC6C8F73F8883FE1ACE057126EFE9049
Artificial Intelligence Senior Security Engineer,Bank of America,"Washington, D.C., US","Artificial Intelligence Senior Security Engineer Chicago, Illinois;Washington, District of Columbia; Boston, Massachusetts; Denver, Colorado To proceed with your application, you must be at least 18 years of age. Acknowledge Refer a friend To proceed with your application, you must be at least 18 years of age. Acknowledge (https://ghr.wd1.myworkdayjobs.com/Lateral-US/job/Chicago/Artificial-Intelligence-Senior-Security-Engineer\_25044533) Job Description: At Bank of America, we are guided by a c…",140051.67,140051.67,https://www.adzuna.com/land/ad/5494514106?se=2nbSzFwL8RGyd9OpgCILHA&utm_medium=api&utm_source=31b863f3&v=CEEB615C73A6D0E31D38291DA936C3A9F5C6931A
Senior MLOps Engineer - Artificial Intelligence,Bloomberg,"Grand Central, Manhattan","Senior MLOps Engineer - Artificial Intelligence Location New York Business Area Engineering and CTO Ref  10036291 Description & Requirements Bloomberg's Engineering AI department has 350 AI practitioners building highly sought after products and features that often require novel innovations. We are investing in AI to build better search, discovery, and workflow solutions using technologies such as transformers, gradient boosted decision trees, large language models, and dense vector databases. …",276056.9,276056.9,https://www.adzuna.com/land/ad/5052449689?se=2nbSzFwL8RGyd9OpgCILHA&utm_medium=api&utm_source=31b863f3&v=845AF40264CA7ED8A226605EC633722C43B3F0F6
Artificial Intelligence and Analytics Engagement Manager,The Boeing Company,"International, King County","Job Description At Boeing, we innovate and collaborate to make the world a better place. We're committed to fostering an environment for every teammate that's welcoming, respectful and inclusive, with great opportunity for professional growth. Find your future with us. The Boeing Company is currently seeking an Artificial Intelligence and Analytics Engagement Manager to join the team in Seattle, WA; Renton, WA; Mesa, AZ; or Berkeley, MO. This individual will join the Enterprise Artificial Intel…",102316.25,102316.25,https://www.adzuna.com/land/ad/5631427974?se=2nbSzFwL8RGyd9OpgCILHA&utm_medium=api&utm_source=31b863f3&v=D95AEE721EA245D13A358D98D766A0DFC4FCD706
Intern - Data Science and Artificial Intelligence,Labcorp,"Durham, Durham County","Company Overview: At Labcorp, we believe in the power of science to change lives. We are nearly 70,000 people across 100 countries who are harnessing science for human good. Our work combines unparalleled diagnostic laboratories, drug development capabilities and commercial innovations. Together, we fuel scientific breakthroughs and deliver more than 160 million medical test results that help guide treatment decisions, accelerate patient care and change lives. Join us in our pursuit of answers.…",55758.25,55758.25,https://www.adzuna.com/land/ad/5630389931?se=2nbSzFwL8RGyd9OpgCILHA&utm_medium=api&utm_source=31b863f3&v=D224B9444E0A2698DC7FA496462F941F66B09948
Intern - Data Science and Artificial Intelligence,Labcorp,"Graham, Alamance County","Company Overview: At Labcorp, we believe in the power of science to change lives. We are nearly 70,000 people across 100 countries who are harnessing science for human good. Our work combines unparalleled diagnostic laboratories, drug development capabilities and commercial innovations. Together, we fuel scientific breakthroughs and deliver more than 160 million medical test results that help guide treatment decisions, accelerate patient care and change lives. Join us in our pursuit of answers.…",53437.94,53437.94,https://www.adzuna.com/land/ad/5630389929?se=2nbSzFwL8RGyd9OpgCILHA&utm_medium=api&utm_source=31b863f3&v=467FC214266011C606ABBA73E81F528E4AFAA957
Lead Artificial Intelligence (AI) Engineer,Robert Half,"Avon, Stearns County","Description We are looking for a highly experienced Lead Artificial Intelligence (AI) Engineer to spearhead the development and implementation of cutting-edge AI and Machine Learning solutions within our organization. This role is integral to driving innovation, optimizing operational processes, and delivering impactful business outcomes across various projects. As a senior technical expert, you will collaborate with cross-functional teams to design scalable systems, set technical standards, an…",105880.71,105880.71,https://www.adzuna.com/land/ad/5549339114?se=2nbSzFwL8RGyd9OpgCILHA&utm_medium=api&utm_source=31b863f3&v=FDECD703CCE69DFB3C8137401E7F794B228CDC66
Intermediate Artificial Intelligence (AI) Engineer,ASRC Federal Holding Company,"Redstone Arsenal, Madison County","ASRC Federal is a leading government contractor furthering missions in space, public health and defense. As an Alaska Native owned corporation, our work helps secure an enduring future for our shareholders. Join our team and discover why we are a top veteran employer and Certified Great Place to Work ASRC Federal Technology Solutions LLC is looking for an AI Engineer - Intermediate with a Secret clearance to support their work with the U.S. Army Contracting Command (ACC) Chief Information Offic…",116840.02,116840.02,https://www.adzuna.com/land/ad/5425448542?se=2nbSzFwL8RGyd9OpgCILHA&utm_medium=api&utm_source=31b863f3&v=1B1BE2B967ECDCA8378272165BC94D0D7178173E
Senior Artificial Intelligence (AI) Consultant,Highmark Health,"Wake Island, Honolulu","Company : Highmark Health Job Description : JOB SUMMARY This job is responsible for collaborating with leaders to understand their business objectives and challenges and providing expert guidance on the integration of artificial intelligence. This individual conducts assessments of systems, data, infrastructure, and business processes to identify opportunities for AI products and services. The incumbent collaborates across vendor partners, internal data scientists, data, and infrastructure to f…",90748.73,90748.73,https://www.adzuna.com/land/ad/5572791802?se=2nbSzFwL8RGyd9OpgCILHA&utm_medium=api&utm_source=31b863f3&v=0CD282D346B07021807EF40946CB77C4AAC81410
Senior Artificial Intelligence (AI) Consultant,Highmark Health,"Cedar, Cole County","Company : Highmark Health Job Description : JOB SUMMARY This job is responsible for collaborating with leaders to understand their business objectives and challenges and providing expert guidance on the integration of artificial intelligence. This individual conducts assessments of systems, data, infrastructure, and business processes to identify opportunities for AI products and services. The incumbent collaborates across vendor partners, internal data scientists, data, and infrastructure to f…",104486.21,104486.21,https://www.adzuna.com/land/ad/5572825319?se=2nbSzFwL8RGyd9OpgCILHA&utm_medium=api&utm_source=31b863f3&v=21C052AA8BF8BFC52D4B378AA5307ACB76EAFDC9
Senior Artificial Intelligence (AI) Consultant,Highmark Health,"Grandview Heights, Franklin County","Company : Highmark Health Job Description : JOB SUMMARY This job is responsible for collaborating with leaders to understand their business objectives and challenges and providing expert guidance on the integration of artificial intelligence. This individual conducts assessments of systems, data, infrastructure, and business processes to identify opportunities for AI products and services. The incumbent collaborates across vendor partners, internal data scientists, data, and infrastructure to f…",121321.2,121321.2,https://www.adzuna.com/land/ad/5572901762?se=2nbSzFwL8RGyd9OpgCILHA&utm_medium=api&utm_source=31b863f3&v=9F24E8C70A37D93CA7F2F3F64F56445C3A70AAA1
Senior Artificial Intelligence (AI) Consultant,Highmark Health,"Atlanta, Fulton County","Company : Highmark Health Job Description : JOB SUMMARY This job is responsible for collaborating with leaders to understand their business objectives and challenges and providing expert guidance on the integration of artificial intelligence. This individual conducts assessments of systems, data, infrastructure, and business processes to identify opportunities for AI products and services. The incumbent collaborates across vendor partners, internal data scientists, data, and infrastructure to f…",138050.5,138050.5,https://www.adzuna.com/land/ad/5572834709?se=2nbSzFwL8RGyd9OpgCILHA&utm_medium=api&utm_source=31b863f3&v=4B03A8441DDDEB55264B0D8170D7ECA9913A3865
Senior Artificial Intelligence (AI) Consultant,Highmark Health,"Augusta, Kennebec County","Company : Highmark Health Job Description : JOB SUMMARY This job is responsible for collaborating with leaders to understand their business objectives and challenges and providing expert guidance on the integration of artificial intelligence. This individual conducts assessments of systems, data, infrastructure, and business processes to identify opportunities for AI products and services. The incumbent collaborates across vendor partners, internal data scientists, data, and infrastructure to f…",131743.9,131743.9,https://www.adzuna.com/land/ad/5572791856?se=2nbSzFwL8RGyd9OpgCILHA&utm_medium=api&utm_source=31b863f3&v=726D4FC74209A03625FF4F855010156F53C9EF4F
Senior Artificial Intelligence (AI) Consultant,Highmark Health,"Trenton, Mercer County","Company : Highmark Health Job Description : JOB SUMMARY This job is responsible for collaborating with leaders to understand their business objectives and challenges and providing expert guidance on the integration of artificial intelligence. This individual conducts assessments of systems, data, infrastructure, and business processes to identify opportunities for AI products and services. The incumbent collaborates across vendor partners, internal data scientists, data, and infrastructure to f…",103441.1,103441.1,https://www.adzuna.com/land/ad/5572825033?se=2nbSzFwL8RGyd9OpgCILHA&utm_medium=api&utm_source=31b863f3&v=5B341236245467084B8FC2FE10D0B6CECFE20440
Senior Artificial Intelligence (AI) Consultant,Highmark Health,"Madison, Dane County","Company : Highmark Health Job Description : JOB SUMMARY This job is responsible for collaborating with leaders to understand their business objectives and challenges and providing expert guidance on the integration of artificial intelligence. This individual conducts assessments of systems, data, infrastructure, and business processes to identify opportunities for AI products and services. The incumbent collaborates across vendor partners, internal data scientists, data, and infrastructure to f…",100103.69,100103.69,https://www.adzuna.com/land/ad/5573059906?se=2nbSzFwL8RGyd9OpgCILHA&utm_medium=api&utm_source=31b863f3&v=0710E6F022675AD55EB6FA938686A54A3C567B5F
Senior Artificial Intelligence (AI) Consultant,Highmark Health,"Annapolis, Anne Arundel County","Company : Highmark Health Job Description : JOB SUMMARY This job is responsible for collaborating with leaders to understand their business objectives and challenges and providing expert guidance on the integration of artificial intelligence. This individual conducts assessments of systems, data, infrastructure, and business processes to identify opportunities for AI products and services. The incumbent collaborates across vendor partners, internal data scientists, data, and infrastructure to f…",120648.18,120648.18,https://www.adzuna.com/land/ad/5572603229?se=2nbSzFwL8RGyd9OpgCILHA&utm_medium=api&utm_source=31b863f3&v=362EF9207D880FE177747EF2E2E804C3DBDD8720
Senior Artificial Intelligence (AI) Consultant,Highmark Health,"Boise, Ada County","Company : Highmark Health Job Description : JOB SUMMARY This job is responsible for collaborating with leaders to understand their business objectives and challenges and providing expert guidance on the integration of artificial intelligence. This individual conducts assessments of systems, data, infrastructure, and business processes to identify opportunities for AI products and services. The incumbent collaborates across vendor partners, internal data scientists, data, and infrastructure to f…",96857.32,96857.32,https://www.adzuna.com/land/ad/5572846705?se=2nbSzFwL8RGyd9OpgCILHA&utm_medium=api&utm_source=31b863f3&v=A1AF6D816802E0B38E7C155345F46B991E1A8EA8
Senior Artificial Intelligence (AI) Consultant,Highmark Health,"State House, Lancaster County","Company : Highmark Health Job Description : JOB SUMMARY This job is responsible for collaborating with leaders to understand their business objectives and challenges and providing expert guidance on the integration of artificial intelligence. This individual conducts assessments of systems, data, infrastructure, and business processes to identify opportunities for AI products and services. The incumbent collaborates across vendor partners, internal data scientists, data, and infrastructure to f…",121537.63,121537.63,https://www.adzuna.com/land/ad/5572814033?se=2nbSzFwL8RGyd9OpgCILHA&utm_medium=api&utm_source=31b863f3&v=41250CD7EB799AA9EF48E79AED00C67BD1D9087C
Senior Artificial Intelligence (AI) Consultant,Highmark Health,"Lansing, Ingham County","Company : Highmark Health Job Description : JOB SUMMARY This job is responsible for collaborating with leaders to understand their business objectives and challenges and providing expert guidance on the integration of artificial intelligence. This individual conducts assessments of systems, data, infrastructure, and business processes to identify opportunities for AI products and services. The incumbent collaborates across vendor partners, internal data scientists, data, and infrastructure to f…",103156.89,103156.89,https://www.adzuna.com/land/ad/5572819026?se=2nbSzFwL8RGyd9OpgCILHA&utm_medium=api&utm_source=31b863f3&v=BF9DC426AE91A8373DB741419C6E98A99F3CBDA4
Senior Artificial Intelligence (AI) Consultant,Highmark Health,"Salem, Marion County","Company : Highmark Health Job Description : JOB SUMMARY This job is responsible for collaborating with leaders to understand their business objectives and challenges and providing expert guidance on the integration of artificial intelligence. This individual conducts assessments of systems, data, infrastructure, and business processes to identify opportunities for AI products and services. The incumbent collaborates across vendor partners, internal data scientists, data, and infrastructure to f…",93818.8,93818.8,https://www.adzuna.com/land/ad/5572809500?se=2nbSzFwL8RGyd9OpgCILHA&utm_medium=api&utm_source=31b863f3&v=CDB442BB0EB32A50FFA6632BE806EFB90F3DAE26
Senior Artificial Intelligence (AI) Consultant,Highmark Health,"Bonnie, Utah County","Company : Highmark Health Job Description : JOB SUMMARY This job is responsible for collaborating with leaders to understand their business objectives and challenges and providing expert guidance on the integration of artificial intelligence. This individual conducts assessments of systems, data, infrastructure, and business processes to identify opportunities for AI products and services. The incumbent collaborates across vendor partners, internal data scientists, data, and infrastructure to f…",100981.31,100981.31,https://www.adzuna.com/land/ad/5573019334?se=2nbSzFwL8RGyd9OpgCILHA&utm_medium=api&utm_source=31b863f3&v=99E983D80737AAC749692C2291EF96CE7F4EC9FE
Senior Artificial Intelligence (AI) Consultant,Highmark Health,"Archer, Laramie County","Company : Highmark Health Job Description : JOB SUMMARY This job is responsible for collaborating with leaders to understand their business objectives and challenges and providing expert guidance on the integration of artificial intelligence. This individual conducts assessments of systems, data, infrastructure, and business processes to identify opportunities for AI products and services. The incumbent collaborates across vendor partners, internal data scientists, data, and infrastructure to f…",113568.18,113568.18,https://www.adzuna.com/land/ad/5572826331?se=2nbSzFwL8RGyd9OpgCILHA&utm_medium=api&utm_source=31b863f3&v=B1E86CBB03E5AA5CF2CE8A5A3BC1EA241A713701
Senior Artificial Intelligence (AI) Consultant,Highmark Health,"Topeka, Shawnee County","Company : Highmark Health Job Description : JOB SUMMARY This job is responsible for collaborating with leaders to understand their business objectives and challenges and providing expert guidance on the integration of artificial intelligence. This individual conducts assessments of systems, data, infrastructure, and business processes to identify opportunities for AI products and services. The incumbent collaborates across vendor partners, internal data scientists, data, and infrastructure to f…",100050.43,100050.43,https://www.adzuna.com/land/ad/5572813837?se=2nbSzFwL8RGyd9OpgCILHA&utm_medium=api&utm_source=31b863f3&v=718BD1EC8440645019DC3D86D067B3E24FFED811
Senior Artificial Intelligence (AI) Consultant,Highmark Health,"Nashville, Davidson County","Company : Highmark Health Job Description : JOB SUMMARY This job is responsible for collaborating with leaders to understand their business objectives and challenges and providing expert guidance on the integration of artificial intelligence. This individual conducts assessments of systems, data, infrastructure, and business processes to identify opportunities for AI products and services. The incumbent collaborates across vendor partners, internal data scientists, data, and infrastructure to f…",101625.41,101625.41,https://www.adzuna.com/land/ad/5572821552?se=2nbSzFwL8RGyd9OpgCILHA&utm_medium=api&utm_source=31b863f3&v=24A8A2E4083C1E45A1689000CA0724BB9E7769BF
Senior Artificial Intelligence (AI) Consultant,Highmark Health,"Jackson, Hinds County","Company : Highmark Health Job Description : JOB SUMMARY This job is responsible for collaborating with leaders to understand their business objectives and challenges and providing expert guidance on the integration of artificial intelligence. This individual conducts assessments of systems, data, infrastructure, and business processes to identify opportunities for AI products and services. The incumbent collaborates across vendor partners, internal data scientists, data, and infrastructure to f…",89935.49,89935.49,https://www.adzuna.com/land/ad/5572813228?se=2nbSzFwL8RGyd9OpgCILHA&utm_medium=api&utm_source=31b863f3&v=2D0CA562C1B01DA423A734BE0F7FA50F097FE809
Senior Artificial Intelligence (AI) Consultant,Highmark Health,"Montpelier, Washington County","Company : Highmark Health Job Description : JOB SUMMARY This job is responsible for collaborating with leaders to understand their business objectives and challenges and providing expert guidance on the integration of artificial intelligence. This individual conducts assessments of systems, data, infrastructure, and business processes to identify opportunities for AI products and services. The incumbent collaborates across vendor partners, internal data scientists, data, and infrastructure to f…",96111.73,96111.73,https://www.adzuna.com/land/ad/5572915927?se=2nbSzFwL8RGyd9OpgCILHA&utm_medium=api&utm_source=31b863f3&v=8D0C47F1F622DD4117FFE0443D28DE06F9148527
Senior Artificial Intelligence (AI) Consultant,Highmark Health,"Chisolm, Montgomery County","Company : Highmark Health Job Description : JOB SUMMARY This job is responsible for collaborating with leaders to understand their business objectives and challenges and providing expert guidance on the integration of artificial intelligence. This individual conducts assessments of systems, data, infrastructure, and business processes to identify opportunities for AI products and services. The incumbent collaborates across vendor partners, internal data scientists, data, and infrastructure to f…",87343.72,87343.72,https://www.adzuna.com/land/ad/5572814964?se=2nbSzFwL8RGyd9OpgCILHA&utm_medium=api&utm_source=31b863f3&v=FD2D84686A03A4D221CA1C83742324BF8FA02D32
Senior Artificial Intelligence (AI) Consultant,Highmark Health,"Ny State Campus, Albany County","Company : Highmark Health Job Description : JOB SUMMARY This job is responsible for collaborating with leaders to understand their business objectives and challenges and providing expert guidance on the integration of artificial intelligence. This individual conducts assessments of systems, data, infrastructure, and business processes to identify opportunities for AI products and services. The incumbent collaborates across vendor partners, internal data scientists, data, and infrastructure to f…",110133.17,110133.17,https://www.adzuna.com/land/ad/5572903326?se=ahUlzlwL8RGyd9OpgCILHA&utm_medium=api&utm_source=31b863f3&v=A5DA8715F5CD218991683C20F437F98E9FD3A232
Senior Artificial Intelligence (AI) Consultant,Highmark Health,"Cammack Village, Pulaski County","Company : Highmark Health Job Description : JOB SUMMARY This job is responsible for collaborating with leaders to understand their business objectives and challenges and providing expert guidance on the integration of artificial intelligence. This individual conducts assessments of systems, data, infrastructure, and business processes to identify opportunities for AI products and services. The incumbent collaborates across vendor partners, internal data scientists, data, and infrastructure to f…",147415.94,147415.94,https://www.adzuna.com/land/ad/5572807891?se=ahUlzlwL8RGyd9OpgCILHA&utm_medium=api&utm_source=31b863f3&v=1E54F4735F7DA153AE3F51473282C616F1C3CB1D
Senior Artificial Intelligence (AI) Consultant,Highmark Health,"Boston, Suffolk County","Company : Highmark Health Job Description : JOB SUMMARY This job is responsible for collaborating with leaders to understand their business objectives and challenges and providing expert guidance on the integration of artificial intelligence. This individual conducts assessments of systems, data, infrastructure, and business processes to identify opportunities for AI products and services. The incumbent collaborates across vendor partners, internal data scientists, data, and infrastructure to f…",92529.76,92529.76,https://www.adzuna.com/land/ad/5572819785?se=ahUlzlwL8RGyd9OpgCILHA&utm_medium=api&utm_source=31b863f3&v=559CD8C13347D4352124BA1DCFDF1798214D90DD
Senior Artificial Intelligence (AI) Consultant,Highmark Health,"La Cienga, Santa Fe County","Company : Highmark Health Job Description : JOB SUMMARY This job is responsible for collaborating with leaders to understand their business objectives and challenges and providing expert guidance on the integration of artificial intelligence. This individual conducts assessments of systems, data, infrastructure, and business processes to identify opportunities for AI products and services. The incumbent collaborates across vendor partners, internal data scientists, data, and infrastructure to f…",134926.92,134926.92,https://www.adzuna.com/land/ad/5572599830?se=ahUlzlwL8RGyd9OpgCILHA&utm_medium=api&utm_source=31b863f3&v=37411C8DBA78E0D1767A026458E0A2AA42751A4B
Senior Artificial Intelligence (AI) Consultant,Highmark Health,"Edgewood, Richland County","Company : Highmark Health Job Description : JOB SUMMARY This job is responsible for collaborating with leaders to understand their business objectives and challenges and providing expert guidance on the integration of artificial intelligence. This individual conducts assessments of systems, data, infrastructure, and business processes to identify opportunities for AI products and services. The incumbent collaborates across vendor partners, internal data scientists, data, and infrastructure to f…",97631.59,97631.59,https://www.adzuna.com/land/ad/5572794496?se=ahUlzlwL8RGyd9OpgCILHA&utm_medium=api&utm_source=31b863f3&v=C486CAB69A0CFB4CA32B8589897C3771D09498B7
Senior Artificial Intelligence (AI) Consultant,Highmark Health,"Pierre, Hughes County","Company : Highmark Health Job Description : JOB SUMMARY This job is responsible for collaborating with leaders to understand their business objectives and challenges and providing expert guidance on the integration of artificial intelligence. This individual conducts assessments of systems, data, infrastructure, and business processes to identify opportunities for AI products and services. The incumbent collaborates across vendor partners, internal data scientists, data, and infrastructure to f…",147857.77,147857.77,https://www.adzuna.com/land/ad/5572909495?se=ahUlzlwL8RGyd9OpgCILHA&utm_medium=api&utm_source=31b863f3&v=B5D37212A8ABF04A77B02AA64A92CB34FFD73289
Senior Artificial Intelligence (AI) Consultant,Highmark Health,"Five Points, Wake County","Company : Highmark Health Job Description : JOB SUMMARY This job is responsible for collaborating with leaders to understand their business objectives and challenges and providing expert guidance on the integration of artificial intelligence. This individual conducts assessments of systems, data, infrastructure, and business processes to identify opportunities for AI products and services. The incumbent collaborates across vendor partners, internal data scientists, data, and infrastructure to f…",109710.08,109710.08,https://www.adzuna.com/land/ad/5572910376?se=ahUlzlwL8RGyd9OpgCILHA&utm_medium=api&utm_source=31b863f3&v=B9C570D0E5598DE826F7993060BBB811C569D244
Senior Artificial Intelligence (AI) Consultant,Highmark Health,"Bismarck, Burleigh County","Company : Highmark Health Job Description : JOB SUMMARY This job is responsible for collaborating with leaders to understand their business objectives and challenges and providing expert guidance on the integration of artificial intelligence. This individual conducts assessments of systems, data, infrastructure, and business processes to identify opportunities for AI products and services. The incumbent collaborates across vendor partners, internal data scientists, data, and infrastructure to f…",93994.59,93994.59,https://www.adzuna.com/land/ad/5572847159?se=ahUlzlwL8RGyd9OpgCILHA&utm_medium=api&utm_source=31b863f3&v=04D14899BBFF1FD397D4FF76C6DB1BFA12D55B75
Senior Artificial Intelligence (AI) Consultant,Highmark Health,"Charleston, Kanawha County","Company : Highmark Health Job Description : JOB SUMMARY This job is responsible for collaborating with leaders to understand their business objectives and challenges and providing expert guidance on the integration of artificial intelligence. This individual conducts assessments of systems, data, infrastructure, and business processes to identify opportunities for AI products and services. The incumbent collaborates across vendor partners, internal data scientists, data, and infrastructure to f…",101159.34,101159.34,https://www.adzuna.com/land/ad/5572920624?se=ahUlzlwL8RGyd9OpgCILHA&utm_medium=api&utm_source=31b863f3&v=FC036FE3D6FD649F8A85E67A3B179FA782FD7009
Senior Artificial Intelligence (AI) Consultant,Highmark Health,"Saint Paul, Ramsey County","Company : Highmark Health Job Description : JOB SUMMARY This job is responsible for collaborating with leaders to understand their business objectives and challenges and providing expert guidance on the integration of artificial intelligence. This individual conducts assessments of systems, data, infrastructure, and business processes to identify opportunities for AI products and services. The incumbent collaborates across vendor partners, internal data scientists, data, and infrastructure to f…",96176.64,96176.64,https://www.adzuna.com/land/ad/5572822679?se=ahUlzlwL8RGyd9OpgCILHA&utm_medium=api&utm_source=31b863f3&v=1BC36C2FAE4B30C1345FDE385295A03230D2D97B
Senior Artificial Intelligence (AI) Consultant,Highmark Health,"Frankfort, Franklin County","Company : Highmark Health Job Description : JOB SUMMARY This job is responsible for collaborating with leaders to understand their business objectives and challenges and providing expert guidance on the integration of artificial intelligence. This individual conducts assessments of systems, data, infrastructure, and business processes to identify opportunities for AI products and services. The incumbent collaborates across vendor partners, internal data scientists, data, and infrastructure to f…",106370.97,106370.97,https://www.adzuna.com/land/ad/5572810013?se=ahUlzlwL8RGyd9OpgCILHA&utm_medium=api&utm_source=31b863f3&v=99CA0DDC5526FDA326479799D891C763486A34D4
Senior Artificial Intelligence (AI) Consultant,Highmark Health,"Uptown, Marion County","Company : Highmark Health Job Description : JOB SUMMARY This job is responsible for collaborating with leaders to understand their business objectives and challenges and providing expert guidance on the integration of artificial intelligence. This individual conducts assessments of systems, data, infrastructure, and business processes to identify opportunities for AI products and services. The incumbent collaborates across vendor partners, internal data scientists, data, and infrastructure to f…",120398.99,120398.99,https://www.adzuna.com/land/ad/5572814204?se=ahUlzlwL8RGyd9OpgCILHA&utm_medium=api&utm_source=31b863f3&v=C473E6967940238572B8A5B1AF60E8B32F29DEB4
Senior Artificial Intelligence (AI) Consultant,Highmark Health,"Phoenix, Maricopa County","Company : Highmark Health Job Description : JOB SUMMARY This job is responsible for collaborating with leaders to understand their business objectives and challenges and providing expert guidance on the integration of artificial intelligence. This individual conducts assessments of systems, data, infrastructure, and business processes to identify opportunities for AI products and services. The incumbent collaborates across vendor partners, internal data scientists, data, and infrastructure to f…",93366.71,93366.71,https://www.adzuna.com/land/ad/5572817734?se=ahUlzlwL8RGyd9OpgCILHA&utm_medium=api&utm_source=31b863f3&v=41EC8648CF6EB4B9F37DFD3806EB44E62FD99D4B
Senior Artificial Intelligence (AI) Consultant,Highmark Health,"Talcott Village, Hartford County","Company : Highmark Health Job Description : JOB SUMMARY This job is responsible for collaborating with leaders to understand their business objectives and challenges and providing expert guidance on the integration of artificial intelligence. This individual conducts assessments of systems, data, infrastructure, and business processes to identify opportunities for AI products and services. The incumbent collaborates across vendor partners, internal data scientists, data, and infrastructure to f…",106059.69,106059.69,https://www.adzuna.com/land/ad/5572812168?se=ahUlzlwL8RGyd9OpgCILHA&utm_medium=api&utm_source=31b863f3&v=8AD23A56859316A2BC68F74929364024606367D6
Senior Artificial Intelligence (AI) Consultant,Highmark Health,"Baton Rouge, East Baton Rouge Parish","Company : Highmark Health Job Description : JOB SUMMARY This job is responsible for collaborating with leaders to understand their business objectives and challenges and providing expert guidance on the integration of artificial intelligence. This individual conducts assessments of systems, data, infrastructure, and business processes to identify opportunities for AI products and services. The incumbent collaborates across vendor partners, internal data scientists, data, and infrastructure to f…",95724.15,95724.15,https://www.adzuna.com/land/ad/5572810266?se=ahUlzlwL8RGyd9OpgCILHA&utm_medium=api&utm_source=31b863f3&v=C2B4DA65ECBA03E93D3DB0D6074FA2EB7AD9A90C
Senior Artificial Intelligence (AI) Consultant,Highmark Health,"Tumwater, Thurston County","Company : Highmark Health Job Description : JOB SUMMARY This job is responsible for collaborating with leaders to understand their business objectives and challenges and providing expert guidance on the integration of artificial intelligence. This individual conducts assessments of systems, data, infrastructure, and business processes to identify opportunities for AI products and services. The incumbent collaborates across vendor partners, internal data scientists, data, and infrastructure to f…",99645.92,99645.92,https://www.adzuna.com/land/ad/5573022041?se=ahUlzlwL8RGyd9OpgCILHA&utm_medium=api&utm_source=31b863f3&v=B00E5D433D05A59D5254A8CD670CA2923499BC07
Artificial Intelligence (AI) Identity Architect,EY,"Atlanta, Fulton County","At EY, we're all in to shape your future with confidence. We'll help you succeed in a globally connected powerhouse of diverse teams and take your career wherever you want it to go. Join EY and help to build a better working world. The opportunity The Artificial Intelligence (AI) Identity Architect will partner across technology and business teams to design and govern the integration of Agentic AI, automation and intelligence into EY's global Identity and Access Management (IAM) ecosystem. The …",217762.56,217762.56,https://www.adzuna.com/land/ad/5508394810?se=ahUlzlwL8RGyd9OpgCILHA&utm_medium=api&utm_source=31b863f3&v=0B53F8F1E60B48F34C35242E0A9D6F85CCCF3764
Artificial Intelligence (AI) Identity Architect,EY,"Alpharetta, Fulton County","At EY, we're all in to shape your future with confidence. We'll help you succeed in a globally connected powerhouse of diverse teams and take your career wherever you want it to go. Join EY and help to build a better working world. The opportunity The Artificial Intelligence (AI) Identity Architect will partner across technology and business teams to design and govern the integration of Agentic AI, automation and intelligence into EY's global Identity and Access Management (IAM) ecosystem. The …",180760.64,180760.64,https://www.adzuna.com/land/ad/5508394855?se=ahUlzlwL8RGyd9OpgCILHA&utm_medium=api&utm_source=31b863f3&v=CA9453C6E5B874196A32314741A38B075A4B92DF
Artificial Intelligence (AI) Identity Architect,EY,"Newburgh Heights, Cuyahoga County","At EY, we're all in to shape your future with confidence. We'll help you succeed in a globally connected powerhouse of diverse teams and take your career wherever you want it to go. Join EY and help to build a better working world. The opportunity The Artificial Intelligence (AI) Identity Architect will partner across technology and business teams to design and govern the integration of Agentic AI, automation and intelligence into EY's global Identity and Access Management (IAM) ecosystem. The …",202836.92,202836.92,https://www.adzuna.com/land/ad/5508398883?se=ahUlzlwL8RGyd9OpgCILHA&utm_medium=api&utm_source=31b863f3&v=6E47D35CCD697CE2B72F185D9360BA5743D113A4
Artificial Intelligence (AI) Identity Architect,EY,"Washington, D.C., US","At EY, we're all in to shape your future with confidence. We'll help you succeed in a globally connected powerhouse of diverse teams and take your career wherever you want it to go. Join EY and help to build a better working world. The opportunity The Artificial Intelligence (AI) Identity Architect will partner across technology and business teams to design and govern the integration of Agentic AI, automation and intelligence into EY's global Identity and Access Management (IAM) ecosystem. The …",157707.48,157707.48,https://www.adzuna.com/land/ad/5508350938?se=ahUlzlwL8RGyd9OpgCILHA&utm_medium=api&utm_source=31b863f3&v=135F6FC4AA96D0CA9A0138BDD9A2EAC3A806676A
Artificial Intelligence (AI) Identity Architect,EY,"Secaucus, Hudson County","At EY, we're all in to shape your future with confidence. We'll help you succeed in a globally connected powerhouse of diverse teams and take your career wherever you want it to go. Join EY and help to build a better working world. The opportunity The Artificial Intelligence (AI) Identity Architect will partner across technology and business teams to design and govern the integration of Agentic AI, automation and intelligence into EY's global Identity and Access Management (IAM) ecosystem. The …",190339.52,190339.52,https://www.adzuna.com/land/ad/5508374251?se=ahUlzlwL8RGyd9OpgCILHA&utm_medium=api&utm_source=31b863f3&v=6A58762C2576D58ACA8F5190B3226D2393EFCAC5
Artificial Intelligence (AI) Identity Architect,EY,"Hoboken, Hudson County","At EY, we're all in to shape your future with confidence. We'll help you succeed in a globally connected powerhouse of diverse teams and take your career wherever you want it to go. Join EY and help to build a better working world. The opportunity The Artificial Intelligence (AI) Identity Architect will partner across technology and business teams to design and govern the integration of Agentic AI, automation and intelligence into EY's global Identity and Access Management (IAM) ecosystem. The …",165221.66,165221.66,https://www.adzuna.com/land/ad/5508374191?se=ahUlzlwL8RGyd9OpgCILHA&utm_medium=api&utm_source=31b863f3&v=E49B88748BD810A0EEECE77645005B2AE64CF1C5
Artificial Intelligence (AI) Identity Architect,EY,"Jericho, Nassau County","At EY, we're all in to shape your future with confidence. We'll help you succeed in a globally connected powerhouse of diverse teams and take your career wherever you want it to go. Join EY and help to build a better working world. The opportunity The Artificial Intelligence (AI) Identity Architect will partner across technology and business teams to design and govern the integration of Agentic AI, automation and intelligence into EY's global Identity and Access Management (IAM) ecosystem. The …",156122.75,156122.75,https://www.adzuna.com/land/ad/5509745066?se=ahUlzlwL8RGyd9OpgCILHA&utm_medium=api&utm_source=31b863f3&v=52F64454BD6A00608F8726F1DAB91F5E7675E9F5
Artificial Intelligence (AI) Identity Architect,EY,"Rochester, Monroe County","At EY, we're all in to shape your future with confidence. We'll help you succeed in a globally connected powerhouse of diverse teams and take your career wherever you want it to go. Join EY and help to build a better working world. The opportunity The Artificial Intelligence (AI) Identity Architect will partner across technology and business teams to design and govern the integration of Agentic AI, automation and intelligence into EY's global Identity and Access Management (IAM) ecosystem. The …",161631.52,161631.52,https://www.adzuna.com/land/ad/5509745062?se=ahUlzlwL8RGyd9OpgCILHA&utm_medium=api&utm_source=31b863f3&v=33C11BE74D3314112140DB6CA868DA619EDA48DE
Artificial Intelligence (AI) Identity Architect,EY,"Pico Heights, Los Angeles County","At EY, we're all in to shape your future with confidence. We'll help you succeed in a globally connected powerhouse of diverse teams and take your career wherever you want it to go. Join EY and help to build a better working world. The opportunity The Artificial Intelligence (AI) Identity Architect will partner across technology and business teams to design and govern the integration of Agentic AI, automation and intelligence into EY's global Identity and Access Management (IAM) ecosystem. The …",186568.86,186568.86,https://www.adzuna.com/land/ad/5508261939?se=ahUlzlwL8RGyd9OpgCILHA&utm_medium=api&utm_source=31b863f3&v=CD59B78114CCB81E0D3E9AD442C9DD607CE96095
Artificial Intelligence (AI) Identity Architect,EY,"SoMa, San Francisco","At EY, we're all in to shape your future with confidence. We'll help you succeed in a globally connected powerhouse of diverse teams and take your career wherever you want it to go. Join EY and help to build a better working world. The opportunity The Artificial Intelligence (AI) Identity Architect will partner across technology and business teams to design and govern the integration of Agentic AI, automation and intelligence into EY's global Identity and Access Management (IAM) ecosystem. The …",190391.62,190391.62,https://www.adzuna.com/land/ad/5508261951?se=ahUlzlwL8RGyd9OpgCILHA&utm_medium=api&utm_source=31b863f3&v=D198001C8AC3AAFFFF45D574157A8F36DE6F2E17
Artificial Intelligence (AI) Identity Architect,EY,"Boston, Suffolk County","At EY, we're all in to shape your future with confidence. We'll help you succeed in a globally connected powerhouse of diverse teams and take your career wherever you want it to go. Join EY and help to build a better working world. The opportunity The Artificial Intelligence (AI) Identity Architect will partner across technology and business teams to design and govern the integration of Agentic AI, automation and intelligence into EY's global Identity and Access Management (IAM) ecosystem. The …",145957.44,145957.44,https://www.adzuna.com/land/ad/5508374898?se=ahUlzlwL8RGyd9OpgCILHA&utm_medium=api&utm_source=31b863f3&v=7958837368A9B186EA54C515CC73542353F3D1C9
Artificial Intelligence (AI) Identity Architect,EY,"Five Points, Wake County","At EY, we're all in to shape your future with confidence. We'll help you succeed in a globally connected powerhouse of diverse teams and take your career wherever you want it to go. Join EY and help to build a better working world. The opportunity The Artificial Intelligence (AI) Identity Architect will partner across technology and business teams to design and govern the integration of Agentic AI, automation and intelligence into EY's global Identity and Access Management (IAM) ecosystem. The …",173058.03,173058.03,https://www.adzuna.com/land/ad/5509857910?se=ahUlzlwL8RGyd9OpgCILHA&utm_medium=api&utm_source=31b863f3&v=77D82F94199A2C966D01A8D3DD41AF7528FF91AA
Artificial Intelligence (AI) Identity Architect,EY,"Minneapolis, Hennepin County","At EY, we're all in to shape your future with confidence. We'll help you succeed in a globally connected powerhouse of diverse teams and take your career wherever you want it to go. Join EY and help to build a better working world. The opportunity The Artificial Intelligence (AI) Identity Architect will partner across technology and business teams to design and govern the integration of Agentic AI, automation and intelligence into EY's global Identity and Access Management (IAM) ecosystem. The …",169187.22,169187.22,https://www.adzuna.com/land/ad/5508349660?se=ahUlzlwL8RGyd9OpgCILHA&utm_medium=api&utm_source=31b863f3&v=D8045D87B5F98E940C4B08AFBE6BC12DD5CCFE1E
Artificial Intelligence (AI) Identity Architect,EY,"International, King County","At EY, we're all in to shape your future with confidence. We'll help you succeed in a globally connected powerhouse of diverse teams and take your career wherever you want it to go. Join EY and help to build a better working world. The opportunity The Artificial Intelligence (AI) Identity Architect will partner across technology and business teams to design and govern the integration of Agentic AI, automation and intelligence into EY's global Identity and Access Management (IAM) ecosystem. The …",167854.58,167854.58,https://www.adzuna.com/land/ad/5508381151?se=ahUlzlwL8RGyd9OpgCILHA&utm_medium=api&utm_source=31b863f3&v=76A6D99C60CF824B962A7C25F8061677B20111DD
"Head of Artificial Intelligence and Insights, AD",SMBC,"Charlotte, Mecklenburg County","SMBC Group is a top-tier global financial group. Headquartered in Tokyo and with a 400-year history, SMBC Group offers a diverse range of financial services, including banking, leasing, securities, credit cards, and consumer finance. The Group has more than 130 offices and 80,000 employees worldwide in nearly 40 countries. Sumitomo Mitsui Financial Group, Inc. (SMFG) is the holding company of SMBC Group, which is one of the three largest banking groups in Japan. SMFG's shares trade on the Tokyo…",135020.89,135020.89,https://www.adzuna.com/land/ad/5583228907?se=ahUlzlwL8RGyd9OpgCILHA&utm_medium=api&utm_source=31b863f3&v=A7BF3BEBA448B7ED25D9AF1965B431F0D57CD4AC
Artificial Intelligence,MSP Test 5,"Hartford, Hartford County","Designing, developing, and implementing AI models and algorithms to address business challenges and improve processes. Collaborating with cross-functional teams of data scientists, software developers, and business stakeholders to understand requirements and translate them into AI solutions. AI Engineers are involved in the end-to-end development and deployment of machine learning models. They translate complex data into AI-driven solutions that can perform autonomously in real-time environment…",96854.18,96854.18,https://www.adzuna.com/details/5209145078?utm_medium=api&utm_source=31b863f3
Software Engineer–Artificial Intelligence (Artificial Intelligence),Boeing,"Berkeley, Saint Louis County","Software Engineer–Artificial Intelligence (Artificial Intelligence) Company: The Boeing Company The Boeing Company is seeking a Software Engineer – Artificial Intelligence to join the Air Proprietary 2 (AP2) team located in Berkeley, MO . This position will focus on supporting th e Boeing Defense, Space & Security (BDS) business organization. The Boeing Air Dominance AP2 organization is at the forefront of developing innovative solutions, and our Automated Testing Framework (ATF) plays a critic…",136000.0,184000.0,https://www.adzuna.com/land/ad/5608837605?se=ahUlzlwL8RGyd9OpgCILHA&utm_medium=api&utm_source=31b863f3&v=6F8C92F2F55CC4D996C29AD14C02ECD20C4DE5DB
Artificial Intelligence Machine Learning Engineer with Security Clearance,Shield Consulting Solutions,"Annapolis, Anne Arundel County","Active TS/SCI w/Polygraph REQUIRED Please do not apply if you do not currently possess this level of clearance.  Telework: None Basic Requirements: * Experience with standard machine language frameworks, e.g. Pytorch, TensorFlow. * A Master's or Ph.D. degree in advanced math, artificial intelligence, data science, computer science or deep learning * 5 years' experience in applied machine learning * 5 additional years of machine learning experience with a relevant Bachelor's degree may be substi…",149438.39,149438.39,https://www.adzuna.com/land/ad/5614463640?se=ahUlzlwL8RGyd9OpgCILHA&utm_medium=api&utm_source=31b863f3&v=1F81881032D640AD43CA4FD8DC796BEB92AB74E9
Research Fellow - Data Science and Artificial Intelligence,Mayo Clinic,"Scottsdale, Maricopa County","Mayo Clinic is top-ranked in more specialties than any other care provider according to U.S. News & World Report. As we work together to put the needs of the patient first, we are also dedicated to our employees, investing in competitive compensation and comprehensive benefit plans – to take care of you and your family, now and in the future. And with continuing education and advancement opportunities at every turn, you can build a long, successful career with Mayo Clinic. Benefits Highlights •…",84386.41,84386.41,https://www.adzuna.com/land/ad/5553085322?se=ahUlzlwL8RGyd9OpgCILHA&utm_medium=api&utm_source=31b863f3&v=DA6C7D9AF2D9AC67E2D644ED283B46D5638F8C3A
Faculty Position in Artificial Intelligence-Department of Surgery,Mayo Clinic,"Rochester, Olmsted County","Why Mayo Clinic Mayo Clinic is top-ranked in more specialties than any other care provider according to U.S. News & World Report. As we work together to put the needs of the patient first, we are also dedicated to our employees, investing in competitive compensation and comprehensive benefit plans (https://jobs.mayoclinic.org/benefits/) - to take care of you and your family, now and in the future. And with continuing education and advancement opportunities at every turn, you can build a long, s…",148354.52,148354.52,https://www.adzuna.com/land/ad/5365976868?se=ahUlzlwL8RGyd9OpgCILHA&utm_medium=api&utm_source=31b863f3&v=87467C03FDA7DCB9EEBEF82A3E9A4A3CEA80CA0B
Senior Researcher - Artificial Intelligence - Microsoft Research,Microsoft Corporation,"Redmond, King County","Overview The AI Interaction and Learning team in Microsoft Research advances research on collaborative AI systems, where humans and AI agents work together to achieve outcomes that exceed what either could accomplish alone. We work closely with product teams deploying copilots, ensuring that our research both addresses the challenges of large-scale, real-world AI systems. Our mission is to move beyond individual assistance toward joint optimization at the group level, creating collaborative AI …",169082.36,169082.36,https://www.adzuna.com/land/ad/5515434910?se=ahUlzlwL8RGyd9OpgCILHA&utm_medium=api&utm_source=31b863f3&v=FDEAD4D8D0C6F6E6A190E62C5C219CF670D2F40A
Senior NLP Research Engineer - Artificial Intelligence,Bloomberg,"Grand Central, Manhattan","Senior NLP Research Engineer - Artificial Intelligence Location New York Business Area Engineering and CTO Ref  10036233 Description & Requirements Bloomberg's Engineering AI department has 400 AI practitioners building highly sought after products and features that often require novel innovations. We are investing in AI to build better search, discovery, and workflow solutions using technologies such as transformers, gradient boosted decision trees, large language models, and dense vector data…",403825.12,403825.12,https://www.adzuna.com/land/ad/5052449773?se=ahUlzlwL8RGyd9OpgCILHA&utm_medium=api&utm_source=31b863f3&v=F2192D0474D13A18E0E13600F5A208D02FA6F01C
Artificial Intelligence and Data Functional Engagement Manager,The Boeing Company,"International, King County","Job Description At Boeing, we innovate and collaborate to make the world a better place. We're committed to fostering an environment for every teammate that's welcoming, respectful and inclusive, with great opportunity for professional growth. Find your future with us. The Boeing Company is currently seeking an Artificial Intelligence and Data Functional Engagement Manager to join the team in Seattle, WA; Chicago, IL; Everett, WA; North Charleston, SC; Ridley Park, PA; Plano, TX; Pleasanton, CA…",128812.77,128812.77,https://www.adzuna.com/land/ad/5627204770?se=ahUlzlwL8RGyd9OpgCILHA&utm_medium=api&utm_source=31b863f3&v=D52839B14759CB426AFEB11737FA36951961EACB
Senior Software Engineer - Reliability - Artificial Intelligence,Bloomberg,"Grand Central, Manhattan","Senior Software Engineer - Reliability - Artificial Intelligence Location New York Business Area Engineering and CTO Ref  10048621 Description & Requirements Bloomberg's Engineering AI department has 400 AI practitioners building highly sought after products and features that often require novel innovations. We are investing in AI to build better search, discovery, and workflow solutions using technologies such as transformers, gradient boosted decision trees, large language models, and dense v…",304940.94,304940.94,https://www.adzuna.com/land/ad/5590028182?se=ahUlzlwL8RGyd9OpgCILHA&utm_medium=api&utm_source=31b863f3&v=565FE2EBA520B16FE0246A76C3171E04058CC397
Principal Research Scientist - Artificial Intelligence Assurance,Oracle,"Burlington, Middlesex County","Job Description The Machine Learning Research Group is searching for an outstanding PhD researcher with experience in AI and Machine Learning Safety and Assurance to join our research team. We are passionate about research that both advances science and has impact in the real world. You will be part of an amazing collaborative research team that publishes at the top venues in machine learning and artificial intelligence. Our expertise includes recommender systems, content moderation, foundation…",193380.83,193380.83,https://www.adzuna.com/land/ad/5529976549?se=ahUlzlwL8RGyd9OpgCILHA&utm_medium=api&utm_source=31b863f3&v=40EF3CF35A270B68A66F3E79FECAA182864C999E
Artificial Intelligence & Machine Learning Systems Engineer,Honeywell,"Minneapolis, Hennepin County","We're seeking a highly skilled Artificial Intelligence & Machine Learning Systems Engineer to architect, design, and develop advanced AI/ML systems that power our next generation of products. In this leadership role, you'll contribute to the technical roadmap, mentor engineering teams, and collaborate with cross-functional teams to deliver intelligent, scalable, and production-ready AI and machine learning technologies. You will be responsible for researching, creating, adapting and evaluating …",231526.67,231526.67,https://www.adzuna.com/land/ad/5572823361?se=ahUlzlwL8RGyd9OpgCILHA&utm_medium=api&utm_source=31b863f3&v=0A9B7BF31AAE0F238EC6FFD789B0C95A81313D27
Artificial Intelligence & Machine Learning Systems Engineer,Honeywell,"Campbell, Santa Clara County","We're seeking a highly skilled Artificial Intelligence & Machine Learning Systems Engineer to architect, design, and develop advanced AI/ML systems that power our next generation of products. In this leadership role, you'll contribute to the technical roadmap, mentor engineering teams, and collaborate with cross-functional teams to deliver intelligent, scalable, and production-ready AI and machine learning technologies. You will be responsible for researching, creating, adapting and evaluating …",238884.55,238884.55,https://www.adzuna.com/land/ad/5588435512?se=ahUlzlwL8RGyd9OpgCILHA&utm_medium=api&utm_source=31b863f3&v=4994D2F76088A3DD0B995CD12E53D571BA447163
Artificial Intelligence & Machine Learning Systems Engineer,Honeywell,"San Diego, San Diego County","We're seeking a highly skilled Artificial Intelligence & Machine Learning Systems Engineer to architect, design, and develop advanced AI/ML systems that power our next generation of products. In this leadership role, you'll contribute to the technical roadmap, mentor engineering teams, and collaborate with cross-functional teams to deliver intelligent, scalable, and production-ready AI and machine learning technologies. You will be responsible for researching, creating, adapting and evaluating …",249933.3,249933.3,https://www.adzuna.com/land/ad/5588435497?se=ahUlzlwL8RGyd9OpgCILHA&utm_medium=api&utm_source=31b863f3&v=DACD14EE6CFF5624F5F98DE3190BAC15E86266D9
Computing and Artificial Intelligence (CAI) Division UGS,Los Alamos National Laboratory,"White Rock, Los Alamos County","What You Will Do Come join the brightest minds at the most innovative R&D facility supporting our national security! The Computing and Artificial Intelligence (CAI) Division is seeking undergraduate students (UGS) looking for a challenging internship. As a CAI UGS student, we will provide you with a mentor, a challenging project, and an opportunity to present your work and progress to colleagues. The projects will vary depending on your skills and interests and the Laboratory's current needs. T…",90773.48,90773.48,https://www.adzuna.com/land/ad/5531593001?se=ahUlzlwL8RGyd9OpgCILHA&utm_medium=api&utm_source=31b863f3&v=1BBCB2811253462315C809944874280AD14D7A79
Artificial Intelligence - Technical Program Manager (TPM),Zimmer Biomet,"Winona Lake, Kosciusko County","At Zimmer Biomet, we believe in pushing the boundaries of innovation and driving our mission forward. As a global medical technology leader for nearly 100 years, a patient's mobility is enhanced by a Zimmer Biomet product or technology every 8 seconds. As a Zimmer Biomet team member, you will share in our commitment to providing mobility and renewed life to people around the world. To support our talented team, we focus on development opportunities, robust employee resource groups (ERGs), a fle…",74260.32,74260.32,https://www.adzuna.com/land/ad/5590012171?se=ahUlzlwL8RGyd9OpgCILHA&utm_medium=api&utm_source=31b863f3&v=A73CA8BF1735BF3607D7995F5A3662769E1BEB4F
Computing and Artificial Intelligence (CAI) Division Postbac,Los Alamos National Laboratory,"White Rock, Los Alamos County","What You Will Do Come join the brightest minds at the most innovative R&D facility supporting our national security! The Computing and Artificial Intelligence (CAI) Division is seeking recent graduates looking for a challenging postgraduate internship at the post-baccalaureate level. As a CAI postbac, we will provide you with a mentor, a challenging project, and an opportunity to present your work and progress to colleagues. The projects will vary depending on your skills and interests and the …",102583.18,102583.18,https://www.adzuna.com/land/ad/5535274602?se=ahUlzlwL8RGyd9OpgCILHA&utm_medium=api&utm_source=31b863f3&v=0AD9A5EA506D59D49958BBDF4901E98538E7802A
AST/ASO/FULL PROF in Artificial Intelligence for Quantum Chemistry,University of Florida,"Gainesville, Alachua County","*AST/ASO/FULL PROF in Artificial Intelligence for Quantum Chemistry* *Job No:* 538138 *Work Type:* Full Time *Location:* Main Campus (Gainesville, FL) *Categories:* Education/Training/Instructional Design, Physical/Mathematical Sciences *Department:* 16120100 - LS-CHEMISTRY-GENERAL *Job Description* Classification Title: AST/ASO/FULL PROF Classification Minimum Requirements: Ph.D. in Chemistry or a closely related field Job Description: The University of Florida, Department of Chemistry, invite…",77454.82,77454.82,https://www.adzuna.com/land/ad/5631278188?se=ahUlzlwL8RGyd9OpgCILHA&utm_medium=api&utm_source=31b863f3&v=79481AD5852B295B5C00C9EED935413A3E03A4C6
Artificial Intelligence SME,IntelliGenesis,"Annapolis Junction, Anne Arundel County","Job Description: The Artificial Intelligence Subject Matter Expert (AI SME) provides authoritative technical expertise in artificial intelligence and machine learning to support the design, development, delivery, and evaluation of training programs. The AI SME ensures instructional content is technically accurate, current with industry and DoW-relevant AI practices, and aligned with mission needs, operational use cases, and workforce competency requirements. Responsibilities: Serve as the prima…",185106.9,185106.9,https://www.adzuna.com/details/5595806501?utm_medium=api&utm_source=31b863f3
Artificial Intelligence Specialist,MJK Connections LLC,"Albuquerque, Bernalillo County","MJK Connections is partnering with Sunward on this highly impactive Artificial Intelligence Specialist in Albuquerque, New Mexico! The Artificial Intelligence (AI) Specialist independently develops, tests, and maintains AI-driven solutions that improve process efficiency, enhance member and employee experiences, and support automation across the Credit Union. This role focuses on the practical application of AI technologies to solve business problems, including developing intelligent automation…",79924.55,79924.55,https://www.adzuna.com/details/5604325990?utm_medium=api&utm_source=31b863f3
